--
-- PostgreSQL database dump
--


-- Dumped from database version 15.17
-- Dumped by pg_dump version 15.17

SET statement_timeout = 0;
SET lock_timeout = 0;
SET idle_in_transaction_session_timeout = 0;
SET client_encoding = 'UTF8';
SET standard_conforming_strings = on;
SELECT pg_catalog.set_config('search_path', '', false);
SET check_function_bodies = false;
SET xmloption = content;
SET client_min_messages = warning;
SET row_security = off;

SET default_tablespace = '';

SET default_table_access_method = heap;

--
-- Name: attachments; Type: TABLE; Schema: public; Owner: -
--

CREATE TABLE public.attachments (
    id bigint NOT NULL,
    created_at timestamp(6) without time zone NOT NULL,
    file_size bigint,
    file_url character varying(255) NOT NULL,
    mime_type character varying(100),
    original_filename character varying(255) NOT NULL,
    ref_id bigint,
    ref_type character varying(50),
    stored_filename character varying(255) NOT NULL,
    CONSTRAINT attachments_ref_type_check CHECK (((ref_type)::text = ANY ((ARRAY['INQUIRY'::character varying, 'QUESTION_BANK'::character varying])::text[])))
);


--
-- Name: attachments_id_seq; Type: SEQUENCE; Schema: public; Owner: -
--

ALTER TABLE public.attachments ALTER COLUMN id ADD GENERATED BY DEFAULT AS IDENTITY (
    SEQUENCE NAME public.attachments_id_seq
    START WITH 1
    INCREMENT BY 1
    NO MINVALUE
    NO MAXVALUE
    CACHE 1
);


--
-- Name: concept_notes; Type: TABLE; Schema: public; Owner: -
--

CREATE TABLE public.concept_notes (
    id bigint NOT NULL,
    content text NOT NULL,
    created_at timestamp(6) without time zone NOT NULL,
    is_public boolean NOT NULL,
    title character varying(255) NOT NULL,
    updated_at timestamp(6) without time zone,
    user_id bigint NOT NULL,
    question_id bigint,
    question_bank_id bigint
);


--
-- Name: concept_notes_id_seq; Type: SEQUENCE; Schema: public; Owner: -
--

ALTER TABLE public.concept_notes ALTER COLUMN id ADD GENERATED BY DEFAULT AS IDENTITY (
    SEQUENCE NAME public.concept_notes_id_seq
    START WITH 1
    INCREMENT BY 1
    NO MINVALUE
    NO MAXVALUE
    CACHE 1
);


--
-- Name: domain_master; Type: TABLE; Schema: public; Owner: -
--

CREATE TABLE public.domain_master (
    id bigint NOT NULL,
    name character varying(100) NOT NULL
);


--
-- Name: domain_master_id_seq; Type: SEQUENCE; Schema: public; Owner: -
--

ALTER TABLE public.domain_master ALTER COLUMN id ADD GENERATED BY DEFAULT AS IDENTITY (
    SEQUENCE NAME public.domain_master_id_seq
    START WITH 1
    INCREMENT BY 1
    NO MINVALUE
    NO MAXVALUE
    CACHE 1
);


--
-- Name: domain_slave; Type: TABLE; Schema: public; Owner: -
--

CREATE TABLE public.domain_slave (
    id bigint NOT NULL,
    display_order integer NOT NULL,
    name character varying(100) NOT NULL,
    master_id bigint NOT NULL
);


--
-- Name: domain_slave_id_seq; Type: SEQUENCE; Schema: public; Owner: -
--

ALTER TABLE public.domain_slave ALTER COLUMN id ADD GENERATED BY DEFAULT AS IDENTITY (
    SEQUENCE NAME public.domain_slave_id_seq
    START WITH 1
    INCREMENT BY 1
    NO MINVALUE
    NO MAXVALUE
    CACHE 1
);


--
-- Name: exam_info; Type: TABLE; Schema: public; Owner: -
--

CREATE TABLE public.exam_info (
    id bigint NOT NULL,
    application_period character varying(300),
    created_at timestamp(6) without time zone NOT NULL,
    description text,
    display_order integer NOT NULL,
    exam_schedule character varying(300),
    exam_type character varying(100) NOT NULL,
    is_active boolean NOT NULL,
    official_url character varying(500),
    result_date character varying(300),
    title character varying(200) NOT NULL,
    updated_at timestamp(6) without time zone
);


--
-- Name: exam_info_id_seq; Type: SEQUENCE; Schema: public; Owner: -
--

ALTER TABLE public.exam_info ALTER COLUMN id ADD GENERATED BY DEFAULT AS IDENTITY (
    SEQUENCE NAME public.exam_info_id_seq
    START WITH 1
    INCREMENT BY 1
    NO MINVALUE
    NO MAXVALUE
    CACHE 1
);


--
-- Name: examinations; Type: TABLE; Schema: public; Owner: -
--

CREATE TABLE public.examinations (
    id bigint NOT NULL,
    created_at timestamp(6) without time zone NOT NULL,
    time_limit integer NOT NULL,
    title character varying(200) NOT NULL,
    category_id bigint NOT NULL,
    created_by bigint NOT NULL,
    exam_paper_id bigint NOT NULL
);


--
-- Name: examinations_id_seq; Type: SEQUENCE; Schema: public; Owner: -
--

ALTER TABLE public.examinations ALTER COLUMN id ADD GENERATED BY DEFAULT AS IDENTITY (
    SEQUENCE NAME public.examinations_id_seq
    START WITH 1
    INCREMENT BY 1
    NO MINVALUE
    NO MAXVALUE
    CACHE 1
);


--
-- Name: exams; Type: TABLE; Schema: public; Owner: -
--

CREATE TABLE public.exams (
    id bigint NOT NULL,
    created_at timestamp(6) without time zone NOT NULL,
    order_no integer NOT NULL,
    question_mode character varying(255) NOT NULL,
    title character varying(255) NOT NULL,
    created_by bigint NOT NULL,
    CONSTRAINT exams_question_mode_check CHECK (((question_mode)::text = ANY ((ARRAY['RANDOM'::character varying, 'SEQUENTIAL'::character varying])::text[])))
);


--
-- Name: exams_id_seq; Type: SEQUENCE; Schema: public; Owner: -
--

ALTER TABLE public.exams ALTER COLUMN id ADD GENERATED BY DEFAULT AS IDENTITY (
    SEQUENCE NAME public.exams_id_seq
    START WITH 1
    INCREMENT BY 1
    NO MINVALUE
    NO MAXVALUE
    CACHE 1
);


--
-- Name: faqs; Type: TABLE; Schema: public; Owner: -
--

CREATE TABLE public.faqs (
    id bigint NOT NULL,
    answer text NOT NULL,
    created_at timestamp(6) without time zone NOT NULL,
    display_order integer NOT NULL,
    is_active boolean NOT NULL,
    question character varying(255) NOT NULL,
    updated_at timestamp(6) without time zone
);


--
-- Name: faqs_id_seq; Type: SEQUENCE; Schema: public; Owner: -
--

ALTER TABLE public.faqs ALTER COLUMN id ADD GENERATED BY DEFAULT AS IDENTITY (
    SEQUENCE NAME public.faqs_id_seq
    START WITH 1
    INCREMENT BY 1
    NO MINVALUE
    NO MAXVALUE
    CACHE 1
);


--
-- Name: inquiries; Type: TABLE; Schema: public; Owner: -
--

CREATE TABLE public.inquiries (
    id bigint NOT NULL,
    content text NOT NULL,
    created_at timestamp(6) without time zone NOT NULL,
    replied_at timestamp(6) without time zone,
    reply text,
    status character varying(255) NOT NULL,
    title character varying(255) NOT NULL,
    user_id bigint NOT NULL,
    image_urls text,
    inquiry_type character varying(255) NOT NULL,
    CONSTRAINT inquiries_inquiry_type_check CHECK (((inquiry_type)::text = ANY ((ARRAY['EXAM'::character varying, 'CONCEPT_NOTE'::character varying, 'DAILY_QUIZ'::character varying, 'OTHER'::character varying])::text[]))),
    CONSTRAINT inquiries_status_check CHECK (((status)::text = ANY ((ARRAY['PENDING'::character varying, 'ANSWERED'::character varying])::text[])))
);


--
-- Name: inquiries_id_seq; Type: SEQUENCE; Schema: public; Owner: -
--

ALTER TABLE public.inquiries ALTER COLUMN id ADD GENERATED BY DEFAULT AS IDENTITY (
    SEQUENCE NAME public.inquiries_id_seq
    START WITH 1
    INCREMENT BY 1
    NO MINVALUE
    NO MAXVALUE
    CACHE 1
);


--
-- Name: menu_config; Type: TABLE; Schema: public; Owner: -
--

CREATE TABLE public.menu_config (
    id bigint NOT NULL,
    allowed_roles character varying(200),
    created_at timestamp(6) without time zone NOT NULL,
    display_order integer NOT NULL,
    icon_key character varying(50),
    is_active boolean NOT NULL,
    menu_type character varying(20) NOT NULL,
    name character varying(100) NOT NULL,
    parent_id bigint,
    updated_at timestamp(6) without time zone,
    url character varying(200) NOT NULL,
    CONSTRAINT menu_config_menu_type_check CHECK (((menu_type)::text = ANY ((ARRAY['USER'::character varying, 'ADMIN'::character varying])::text[])))
);


--
-- Name: menu_config_id_seq; Type: SEQUENCE; Schema: public; Owner: -
--

ALTER TABLE public.menu_config ALTER COLUMN id ADD GENERATED BY DEFAULT AS IDENTITY (
    SEQUENCE NAME public.menu_config_id_seq
    START WITH 1
    INCREMENT BY 1
    NO MINVALUE
    NO MAXVALUE
    CACHE 1
);


--
-- Name: permission_detail; Type: TABLE; Schema: public; Owner: -
--

CREATE TABLE public.permission_detail (
    id bigint NOT NULL,
    created_at timestamp(6) without time zone NOT NULL,
    description text,
    name character varying(100) NOT NULL,
    updated_at timestamp(6) without time zone,
    master_id bigint NOT NULL,
    code character varying(100)
);


--
-- Name: permission_detail_id_seq; Type: SEQUENCE; Schema: public; Owner: -
--

ALTER TABLE public.permission_detail ALTER COLUMN id ADD GENERATED BY DEFAULT AS IDENTITY (
    SEQUENCE NAME public.permission_detail_id_seq
    START WITH 1
    INCREMENT BY 1
    NO MINVALUE
    NO MAXVALUE
    CACHE 1
);


--
-- Name: permission_master; Type: TABLE; Schema: public; Owner: -
--

CREATE TABLE public.permission_master (
    id bigint NOT NULL,
    code character varying(50) NOT NULL,
    created_at timestamp(6) without time zone NOT NULL,
    description text,
    name character varying(100) NOT NULL,
    scope character varying(20) DEFAULT 'ADMIN'::character varying NOT NULL,
    CONSTRAINT permission_master_scope_check CHECK (((scope)::text = ANY ((ARRAY['USER'::character varying, 'ADMIN'::character varying])::text[])))
);


--
-- Name: permission_master_id_seq; Type: SEQUENCE; Schema: public; Owner: -
--

ALTER TABLE public.permission_master ALTER COLUMN id ADD GENERATED BY DEFAULT AS IDENTITY (
    SEQUENCE NAME public.permission_master_id_seq
    START WITH 1
    INCREMENT BY 1
    NO MINVALUE
    NO MAXVALUE
    CACHE 1
);


--
-- Name: question_bank; Type: TABLE; Schema: public; Owner: -
--

CREATE TABLE public.question_bank (
    id bigint NOT NULL,
    create_dt timestamp(6) without time zone NOT NULL,
    create_uno bigint NOT NULL,
    del_yn character varying(1) NOT NULL,
    modified_dt timestamp(6) without time zone NOT NULL,
    modified_uno bigint NOT NULL,
    use_yn character varying(1) NOT NULL,
    answer text,
    code text,
    content text NOT NULL,
    explanation text,
    language character varying(50),
    options jsonb,
    question_type character varying(30) NOT NULL,
    category_id bigint,
    CONSTRAINT question_bank_question_type_check CHECK (((question_type)::text = ANY ((ARRAY['MULTIPLE_CHOICE'::character varying, 'SHORT_ANSWER'::character varying, 'OX'::character varying, 'CODE'::character varying])::text[])))
);


--
-- Name: question_bank_id_seq; Type: SEQUENCE; Schema: public; Owner: -
--

ALTER TABLE public.question_bank ALTER COLUMN id ADD GENERATED BY DEFAULT AS IDENTITY (
    SEQUENCE NAME public.question_bank_id_seq
    START WITH 1
    INCREMENT BY 1
    NO MINVALUE
    NO MAXVALUE
    CACHE 1
);


--
-- Name: questions; Type: TABLE; Schema: public; Owner: -
--

CREATE TABLE public.questions (
    id bigint NOT NULL,
    answer character varying(255),
    content text NOT NULL,
    explanation text,
    options jsonb,
    question_type character varying(255) NOT NULL,
    seq integer NOT NULL,
    source_file character varying(255),
    exam_id bigint NOT NULL,
    code text,
    language character varying(20),
    CONSTRAINT questions_question_type_check CHECK (((question_type)::text = ANY ((ARRAY['MULTIPLE_CHOICE'::character varying, 'SHORT_ANSWER'::character varying, 'OX'::character varying, 'CODE'::character varying])::text[])))
);


--
-- Name: questions_id_seq; Type: SEQUENCE; Schema: public; Owner: -
--

ALTER TABLE public.questions ALTER COLUMN id ADD GENERATED BY DEFAULT AS IDENTITY (
    SEQUENCE NAME public.questions_id_seq
    START WITH 1
    INCREMENT BY 1
    NO MINVALUE
    NO MAXVALUE
    CACHE 1
);


--
-- Name: quotes; Type: TABLE; Schema: public; Owner: -
--

CREATE TABLE public.quotes (
    id bigint NOT NULL,
    author character varying(200),
    content text NOT NULL,
    created_at timestamp(6) without time zone NOT NULL,
    use_yn character varying(1) NOT NULL
);


--
-- Name: quotes_id_seq; Type: SEQUENCE; Schema: public; Owner: -
--

ALTER TABLE public.quotes ALTER COLUMN id ADD GENERATED BY DEFAULT AS IDENTITY (
    SEQUENCE NAME public.quotes_id_seq
    START WITH 1
    INCREMENT BY 1
    NO MINVALUE
    NO MAXVALUE
    CACHE 1
);


--
-- Name: user_granted_permissions; Type: TABLE; Schema: public; Owner: -
--

CREATE TABLE public.user_granted_permissions (
    user_id bigint NOT NULL,
    detail_id bigint NOT NULL
);


--
-- Name: users; Type: TABLE; Schema: public; Owner: -
--

CREATE TABLE public.users (
    id bigint NOT NULL,
    created_at timestamp(6) without time zone NOT NULL,
    email character varying(255) NOT NULL,
    name character varying(255) NOT NULL,
    password character varying(255) NOT NULL,
    role character varying(255) NOT NULL,
    interested_exam_types character varying(500),
    is_first_login boolean,
    CONSTRAINT users_role_check CHECK (((role)::text = ANY ((ARRAY['USER'::character varying, 'ADMIN'::character varying])::text[])))
);


--
-- Name: users_id_seq; Type: SEQUENCE; Schema: public; Owner: -
--

ALTER TABLE public.users ALTER COLUMN id ADD GENERATED BY DEFAULT AS IDENTITY (
    SEQUENCE NAME public.users_id_seq
    START WITH 1
    INCREMENT BY 1
    NO MINVALUE
    NO MAXVALUE
    CACHE 1
);


--
-- Data for Name: attachments; Type: TABLE DATA; Schema: public; Owner: -
--

COPY public.attachments (id, created_at, file_size, file_url, mime_type, original_filename, ref_id, ref_type, stored_filename) FROM stdin;
\.


--
-- Data for Name: concept_notes; Type: TABLE DATA; Schema: public; Owner: -
--

COPY public.concept_notes (id, content, created_at, is_public, title, updated_at, user_id, question_id, question_bank_id) FROM stdin;
2	개념 등록	2026-04-21 03:51:44.285012	f	Q2. 다음은 Java 코드에 대한 문제이다. 아래 코드를 확인하여 알맞는 출력…	2026-04-21 03:51:44.285012	2	6	\N
3	개념노트 정리 (TEST)	2026-04-21 22:37:09.277241	f	Q2. test	2026-04-21 22:37:09.277241	1	5	\N
\.


--
-- Data for Name: domain_master; Type: TABLE DATA; Schema: public; Owner: -
--

COPY public.domain_master (id, name) FROM stdin;
1	문제 유형
2	시험 유형
3	문의 유형
\.


--
-- Data for Name: domain_slave; Type: TABLE DATA; Schema: public; Owner: -
--

COPY public.domain_slave (id, display_order, name, master_id) FROM stdin;
1	1	운영체제	1
2	2	SQL	1
3	3	프로그래밍 언어	1
4	4	네트워크	1
5	5	정보보안	1
6	1	SQLD	2
7	2	정보처리기사 실기	2
8	3	정보처리기사 필기	2
9	4	리눅스마스터 1급	2
10	1	답변 대기	3
11	2	답변 완료	3
\.


--
-- Data for Name: exam_info; Type: TABLE DATA; Schema: public; Owner: -
--

COPY public.exam_info (id, application_period, created_at, description, display_order, exam_schedule, exam_type, is_active, official_url, result_date, title, updated_at) FROM stdin;
1	2026-04-01 ~ 2026-04-02	2026-04-28 00:08:22.708926	정보처리기사 실기	0	2026-04-05 ~ 2026-04-06	정보처리기사 실기	t	https://test.com		정보처리기사 실기 1회	2026-04-28 00:26:04.612308
\.


--
-- Data for Name: examinations; Type: TABLE DATA; Schema: public; Owner: -
--

COPY public.examinations (id, created_at, time_limit, title, category_id, created_by, exam_paper_id) FROM stdin;
1	2026-04-20 00:11:10.128987	150	2026년 정처기 실기 테스트	7	1	5
\.


--
-- Data for Name: exams; Type: TABLE DATA; Schema: public; Owner: -
--

COPY public.exams (id, created_at, order_no, question_mode, title, created_by) FROM stdin;
5	2026-04-19 20:05:16.02355	1	RANDOM	2025년 전체 시험지	1
\.


--
-- Data for Name: faqs; Type: TABLE DATA; Schema: public; Owner: -
--

COPY public.faqs (id, answer, created_at, display_order, is_active, question, updated_at) FROM stdin;
\.


--
-- Data for Name: inquiries; Type: TABLE DATA; Schema: public; Owner: -
--

COPY public.inquiries (id, content, created_at, replied_at, reply, status, title, user_id, image_urls, inquiry_type) FROM stdin;
\.


--
-- Data for Name: menu_config; Type: TABLE DATA; Schema: public; Owner: -
--

COPY public.menu_config (id, allowed_roles, created_at, display_order, icon_key, is_active, menu_type, name, parent_id, updated_at, url) FROM stdin;
1	ADMIN	2026-04-26 19:45:24.422948	1	exam	t	ADMIN	시험 관리	\N	2026-04-26 19:45:24.422948	/admin/exams
2	ADMIN	2026-04-26 19:45:24.427162	2	concept	t	ADMIN	개념노트 관리	\N	2026-04-26 19:45:24.427162	/admin/concepts
3	ADMIN	2026-04-26 19:45:24.430318	3	inquiry	t	ADMIN	1:1 문의 관리	\N	2026-04-26 19:45:24.430318	/admin/inquiries
4	ADMIN	2026-04-26 19:45:24.433613	4	faq	t	ADMIN	FAQ 관리	\N	2026-04-26 19:45:24.433613	/admin/faq
5	ADMIN	2026-04-26 19:45:24.436758	5	quote	t	ADMIN	명언 관리	\N	2026-04-26 19:45:24.436758	/admin/quotes
6	ADMIN	2026-04-26 19:45:24.441297	6	table	t	ADMIN	테이블 관리	\N	2026-04-26 19:45:24.441297	/admin/tables
7	ADMIN	2026-04-26 19:45:24.445299	7	permission	t	ADMIN	권한 관리	\N	2026-04-26 19:45:24.445299	/admin/permissions
8	ADMIN	2026-04-26 19:45:24.450997	8	menu	t	ADMIN	메뉴 관리	\N	2026-04-26 19:45:24.450997	/admin/menus
11	ADMIN	2026-04-26 19:45:24.480568	1	\N	t	ADMIN	DB 조회	6	2026-04-26 19:45:24.480568	/admin/tables/data
9	ADMIN,GENERER_ADMIN	2026-04-26 19:45:24.468794	1	\N	t	ADMIN	문항 관리	1	2026-04-26 20:02:48.217404	/admin/exams/questions
10	ADMIN,GENERER_ADMIN	2026-04-26 19:45:24.472465	2	\N	t	ADMIN	시험지 관리	1	2026-04-26 20:02:48.219372	/admin/exams/papers
12	ADMIN,GENERER_ADMIN	2026-04-26 19:45:24.484767	2	\N	t	ADMIN	도메인 관리	6	2026-04-26 20:02:48.219372	/admin/tables/domains
18	ADMIN	2026-04-26 20:29:12.530538	9	users	t	ADMIN	계정 관리	\N	2026-04-26 20:29:12.530538	/admin/users
19	ADMIN	2026-04-27 23:42:09.988997	10	examinfo	t	ADMIN	시험 정보 관리	\N	2026-04-27 23:42:09.988997	/admin/exam-info
13	USER,ADMIN,GENERAL_USER	2026-04-26 19:45:24.487663	1	exam	t	USER	시험	\N	2026-04-27 23:47:59.604534	/user/exams
14	USER,ADMIN,GENERAL_USER	2026-04-26 19:45:24.490283	2	quiz	t	USER	데일리 퀴즈	\N	2026-04-27 23:47:59.606617	/user/quiz
15	USER,ADMIN,GENERAL_USER	2026-04-26 19:45:24.493655	3	concept	t	USER	개념노트	\N	2026-04-27 23:47:59.606617	/user/concepts
16	USER,ADMIN,GENERAL_USER	2026-04-26 19:45:24.497624	4	faq	t	USER	FAQ	\N	2026-04-27 23:47:59.606617	/user/faq
17	USER,ADMIN,GENERAL_USER	2026-04-26 19:45:24.501313	5	inquiry	t	USER	1:1 문의	\N	2026-04-27 23:47:59.606617	/user/inquiries
20	USER,ADMIN,GENERAL_USER	2026-04-27 23:42:10.035314	0	examinfo	t	USER	시험 정보	\N	2026-04-27 23:47:59.606617	/user/exam-info
\.


--
-- Data for Name: permission_detail; Type: TABLE DATA; Schema: public; Owner: -
--

COPY public.permission_detail (id, created_at, description, name, updated_at, master_id, code) FROM stdin;
1	2026-04-27 23:47:51.078294	\N	일반 사용자	2026-04-27 23:47:51.078294	1	GENERAL_USER
2	2026-04-27 23:48:39.341918	\N	총 관리자	2026-04-27 23:48:39.341918	2	ADMIN
\.


--
-- Data for Name: permission_master; Type: TABLE DATA; Schema: public; Owner: -
--

COPY public.permission_master (id, code, created_at, description, name, scope) FROM stdin;
1	USER	2026-04-26 19:45:24.35749	일반 사용자 권한	사용자	USER
2	ADMIN	2026-04-26 19:45:24.406293	전체 관리자 권한	관리자	ADMIN
\.


--
-- Data for Name: question_bank; Type: TABLE DATA; Schema: public; Owner: -
--

COPY public.question_bank (id, create_dt, create_uno, del_yn, modified_dt, modified_uno, use_yn, answer, code, content, explanation, language, options, question_type, category_id) FROM stdin;
1	2026-04-19 09:26:54.734032	1	N	2026-04-19 09:26:54.734032	1	Y	1	\N	test	\N	javascript	["test1", "test2", "test3", "test4"]	MULTIPLE_CHOICE	\N
2	2026-04-19 19:18:03.058197	1	N	2026-04-19 19:18:03.058197	1	Y	출력1출력5	public class Main {\n \n  public static void main(String[] args) {\n \n    int a=5,b=0;\n \n    try{\n      System.out.print(a/b);\n    }catch(ArithmeticException e){\n      System.out.print("출력1");\n    }catch(ArrayIndexOutOfBoundsException e) {\n      System.out.print("출력2");\n    }catch(NumberFormatException e) {\n      System.out.print("출력3");\n    }catch(Exception e){\n      System.out.print("출력4");\n    }finally{\n      System.out.print("출력5");\n    }\n  }\n}\n	다음은 Java 코드에 대한 문제이다. 아래 코드를 확인하여 알맞는 출력값을 작성하시오.	\N	c	\N	CODE	\N
3	2026-04-21 22:00:43.039424	1	Y	2026-04-21 22:40:03.074118	1	Y	(ㄱ) 개체\n(ㄴ) 참조\n(ㄷ) 도메인	\N	<p><strong>다음은&nbsp;제약조건과&nbsp;관련된&nbsp;문제이다.&nbsp;괄호안에&nbsp;알맞는&nbsp;용어를&nbsp;보기에&nbsp;골라&nbsp;작성하시오.</strong></p><p></p><img src="/uploads/images/ee8366bb-4339-4047-93e8-6ae9eccb59ac.png"><p></p>	\N	javascript	\N	SHORT_ANSWER	2
\.


--
-- Data for Name: questions; Type: TABLE DATA; Schema: public; Owner: -
--

COPY public.questions (id, answer, content, explanation, options, question_type, seq, source_file, exam_id, code, language) FROM stdin;
5	1	test	\N	["test1", "test2", "test3", "test4"]	MULTIPLE_CHOICE	1	\N	5	\N	javascript
6	출력1출력5	다음은 Java 코드에 대한 문제이다. 아래 코드를 확인하여 알맞는 출력값을 작성하시오.	\N	\N	CODE	2	\N	5	public class Main {\n \n  public static void main(String[] args) {\n \n    int a=5,b=0;\n \n    try{\n      System.out.print(a/b);\n    }catch(ArithmeticException e){\n      System.out.print("출력1");\n    }catch(ArrayIndexOutOfBoundsException e) {\n      System.out.print("출력2");\n    }catch(NumberFormatException e) {\n      System.out.print("출력3");\n    }catch(Exception e){\n      System.out.print("출력4");\n    }finally{\n      System.out.print("출력5");\n    }\n  }\n}\n	c
7	(ㄱ) 개체\n(ㄴ) 참조\n(ㄷ) 도메인	<p><strong>다음은&nbsp;제약조건과&nbsp;관련된&nbsp;문제이다.&nbsp;괄호안에&nbsp;알맞는&nbsp;용어를&nbsp;보기에&nbsp;골라&nbsp;작성하시오.</strong></p><p></p><img src="/uploads/images/ee8366bb-4339-4047-93e8-6ae9eccb59ac.png"><p></p>	\N	\N	SHORT_ANSWER	3	\N	5	\N	javascript
\.


--
-- Data for Name: quotes; Type: TABLE DATA; Schema: public; Owner: -
--

COPY public.quotes (id, author, content, created_at, use_yn) FROM stdin;
1	시드니 스미스	자신의 본성이 어떤 것이든 그에 충실 하라.\n자신이 가진 재능의 끈을 놓아버리지 마라.\n본성이 이끄는 대로 따르면 성공할 것이다.	2026-04-20 22:02:43.400551	Y
\.


--
-- Data for Name: user_granted_permissions; Type: TABLE DATA; Schema: public; Owner: -
--

COPY public.user_granted_permissions (user_id, detail_id) FROM stdin;
\.


--
-- Data for Name: users; Type: TABLE DATA; Schema: public; Owner: -
--

COPY public.users (id, created_at, email, name, password, role, interested_exam_types, is_first_login) FROM stdin;
1	2026-04-19 09:26:07.666948	admin@tpmp.com	테스트 관리자	$2a$12$YVfB1UcdLgdpeuQ1MRaBr.5F.ulwB/6A/zNqRlXhA0A55sg67/CC6	ADMIN	\N	\N
2	2026-04-20 21:58:19.157195	user@tpmp.com	테스트 사용자	$2a$12$SSGVJxYwzHgGZVC4.bUQR.E3nuRaYL/E76jhs65aODDp/dElsugvO	USER	\N	\N
\.


--
-- Name: attachments_id_seq; Type: SEQUENCE SET; Schema: public; Owner: -
--

SELECT pg_catalog.setval('public.attachments_id_seq', 1, false);


--
-- Name: concept_notes_id_seq; Type: SEQUENCE SET; Schema: public; Owner: -
--

SELECT pg_catalog.setval('public.concept_notes_id_seq', 3, true);


--
-- Name: domain_master_id_seq; Type: SEQUENCE SET; Schema: public; Owner: -
--

SELECT pg_catalog.setval('public.domain_master_id_seq', 3, true);


--
-- Name: domain_slave_id_seq; Type: SEQUENCE SET; Schema: public; Owner: -
--

SELECT pg_catalog.setval('public.domain_slave_id_seq', 11, true);


--
-- Name: exam_info_id_seq; Type: SEQUENCE SET; Schema: public; Owner: -
--

SELECT pg_catalog.setval('public.exam_info_id_seq', 1, true);


--
-- Name: examinations_id_seq; Type: SEQUENCE SET; Schema: public; Owner: -
--

SELECT pg_catalog.setval('public.examinations_id_seq', 1, true);


--
-- Name: exams_id_seq; Type: SEQUENCE SET; Schema: public; Owner: -
--

SELECT pg_catalog.setval('public.exams_id_seq', 5, true);


--
-- Name: faqs_id_seq; Type: SEQUENCE SET; Schema: public; Owner: -
--

SELECT pg_catalog.setval('public.faqs_id_seq', 1, false);


--
-- Name: inquiries_id_seq; Type: SEQUENCE SET; Schema: public; Owner: -
--

SELECT pg_catalog.setval('public.inquiries_id_seq', 1, false);


--
-- Name: menu_config_id_seq; Type: SEQUENCE SET; Schema: public; Owner: -
--

SELECT pg_catalog.setval('public.menu_config_id_seq', 20, true);


--
-- Name: permission_detail_id_seq; Type: SEQUENCE SET; Schema: public; Owner: -
--

SELECT pg_catalog.setval('public.permission_detail_id_seq', 2, true);


--
-- Name: permission_master_id_seq; Type: SEQUENCE SET; Schema: public; Owner: -
--

SELECT pg_catalog.setval('public.permission_master_id_seq', 3, true);


--
-- Name: question_bank_id_seq; Type: SEQUENCE SET; Schema: public; Owner: -
--

SELECT pg_catalog.setval('public.question_bank_id_seq', 3, true);


--
-- Name: questions_id_seq; Type: SEQUENCE SET; Schema: public; Owner: -
--

SELECT pg_catalog.setval('public.questions_id_seq', 7, true);


--
-- Name: quotes_id_seq; Type: SEQUENCE SET; Schema: public; Owner: -
--

SELECT pg_catalog.setval('public.quotes_id_seq', 1, true);


--
-- Name: users_id_seq; Type: SEQUENCE SET; Schema: public; Owner: -
--

SELECT pg_catalog.setval('public.users_id_seq', 2, true);


--
-- Name: attachments attachments_pkey; Type: CONSTRAINT; Schema: public; Owner: -
--

ALTER TABLE ONLY public.attachments
    ADD CONSTRAINT attachments_pkey PRIMARY KEY (id);


--
-- Name: concept_notes concept_notes_pkey; Type: CONSTRAINT; Schema: public; Owner: -
--

ALTER TABLE ONLY public.concept_notes
    ADD CONSTRAINT concept_notes_pkey PRIMARY KEY (id);


--
-- Name: domain_master domain_master_pkey; Type: CONSTRAINT; Schema: public; Owner: -
--

ALTER TABLE ONLY public.domain_master
    ADD CONSTRAINT domain_master_pkey PRIMARY KEY (id);


--
-- Name: domain_slave domain_slave_pkey; Type: CONSTRAINT; Schema: public; Owner: -
--

ALTER TABLE ONLY public.domain_slave
    ADD CONSTRAINT domain_slave_pkey PRIMARY KEY (id);


--
-- Name: exam_info exam_info_pkey; Type: CONSTRAINT; Schema: public; Owner: -
--

ALTER TABLE ONLY public.exam_info
    ADD CONSTRAINT exam_info_pkey PRIMARY KEY (id);


--
-- Name: examinations examinations_pkey; Type: CONSTRAINT; Schema: public; Owner: -
--

ALTER TABLE ONLY public.examinations
    ADD CONSTRAINT examinations_pkey PRIMARY KEY (id);


--
-- Name: exams exams_pkey; Type: CONSTRAINT; Schema: public; Owner: -
--

ALTER TABLE ONLY public.exams
    ADD CONSTRAINT exams_pkey PRIMARY KEY (id);


--
-- Name: faqs faqs_pkey; Type: CONSTRAINT; Schema: public; Owner: -
--

ALTER TABLE ONLY public.faqs
    ADD CONSTRAINT faqs_pkey PRIMARY KEY (id);


--
-- Name: inquiries inquiries_pkey; Type: CONSTRAINT; Schema: public; Owner: -
--

ALTER TABLE ONLY public.inquiries
    ADD CONSTRAINT inquiries_pkey PRIMARY KEY (id);


--
-- Name: menu_config menu_config_pkey; Type: CONSTRAINT; Schema: public; Owner: -
--

ALTER TABLE ONLY public.menu_config
    ADD CONSTRAINT menu_config_pkey PRIMARY KEY (id);


--
-- Name: permission_detail permission_detail_pkey; Type: CONSTRAINT; Schema: public; Owner: -
--

ALTER TABLE ONLY public.permission_detail
    ADD CONSTRAINT permission_detail_pkey PRIMARY KEY (id);


--
-- Name: permission_master permission_master_pkey; Type: CONSTRAINT; Schema: public; Owner: -
--

ALTER TABLE ONLY public.permission_master
    ADD CONSTRAINT permission_master_pkey PRIMARY KEY (id);


--
-- Name: question_bank question_bank_pkey; Type: CONSTRAINT; Schema: public; Owner: -
--

ALTER TABLE ONLY public.question_bank
    ADD CONSTRAINT question_bank_pkey PRIMARY KEY (id);


--
-- Name: questions questions_pkey; Type: CONSTRAINT; Schema: public; Owner: -
--

ALTER TABLE ONLY public.questions
    ADD CONSTRAINT questions_pkey PRIMARY KEY (id);


--
-- Name: quotes quotes_pkey; Type: CONSTRAINT; Schema: public; Owner: -
--

ALTER TABLE ONLY public.quotes
    ADD CONSTRAINT quotes_pkey PRIMARY KEY (id);


--
-- Name: permission_detail uk3ysx11940aqneo7onof1mo12w; Type: CONSTRAINT; Schema: public; Owner: -
--

ALTER TABLE ONLY public.permission_detail
    ADD CONSTRAINT uk3ysx11940aqneo7onof1mo12w UNIQUE (code);


--
-- Name: users uk6dotkott2kjsp8vw4d0m25fb7; Type: CONSTRAINT; Schema: public; Owner: -
--

ALTER TABLE ONLY public.users
    ADD CONSTRAINT uk6dotkott2kjsp8vw4d0m25fb7 UNIQUE (email);


--
-- Name: permission_master uknnximweopffod8shwa64gx365; Type: CONSTRAINT; Schema: public; Owner: -
--

ALTER TABLE ONLY public.permission_master
    ADD CONSTRAINT uknnximweopffod8shwa64gx365 UNIQUE (code);


--
-- Name: user_granted_permissions user_granted_permissions_pkey; Type: CONSTRAINT; Schema: public; Owner: -
--

ALTER TABLE ONLY public.user_granted_permissions
    ADD CONSTRAINT user_granted_permissions_pkey PRIMARY KEY (user_id, detail_id);


--
-- Name: users users_pkey; Type: CONSTRAINT; Schema: public; Owner: -
--

ALTER TABLE ONLY public.users
    ADD CONSTRAINT users_pkey PRIMARY KEY (id);


--
-- Name: examinations fk1vlnp5pk0vmb9k9ruwm6w3qkw; Type: FK CONSTRAINT; Schema: public; Owner: -
--

ALTER TABLE ONLY public.examinations
    ADD CONSTRAINT fk1vlnp5pk0vmb9k9ruwm6w3qkw FOREIGN KEY (created_by) REFERENCES public.users(id);


--
-- Name: domain_slave fk4ptitdns5wsvauq73df8606t; Type: FK CONSTRAINT; Schema: public; Owner: -
--

ALTER TABLE ONLY public.domain_slave
    ADD CONSTRAINT fk4ptitdns5wsvauq73df8606t FOREIGN KEY (master_id) REFERENCES public.domain_master(id);


--
-- Name: user_granted_permissions fk6s4m5slls3xvyk5t108drkovq; Type: FK CONSTRAINT; Schema: public; Owner: -
--

ALTER TABLE ONLY public.user_granted_permissions
    ADD CONSTRAINT fk6s4m5slls3xvyk5t108drkovq FOREIGN KEY (user_id) REFERENCES public.users(id);


--
-- Name: concept_notes fk7e9d4lleauw77bj94vf064l5k; Type: FK CONSTRAINT; Schema: public; Owner: -
--

ALTER TABLE ONLY public.concept_notes
    ADD CONSTRAINT fk7e9d4lleauw77bj94vf064l5k FOREIGN KEY (question_bank_id) REFERENCES public.question_bank(id);


--
-- Name: permission_detail fk7ivgruhngpixual9ifbnqyv2c; Type: FK CONSTRAINT; Schema: public; Owner: -
--

ALTER TABLE ONLY public.permission_detail
    ADD CONSTRAINT fk7ivgruhngpixual9ifbnqyv2c FOREIGN KEY (master_id) REFERENCES public.permission_master(id);


--
-- Name: examinations fk8lanmsfi6xg3xnrk6ijj1a808; Type: FK CONSTRAINT; Schema: public; Owner: -
--

ALTER TABLE ONLY public.examinations
    ADD CONSTRAINT fk8lanmsfi6xg3xnrk6ijj1a808 FOREIGN KEY (category_id) REFERENCES public.domain_slave(id);


--
-- Name: examinations fk9hqpyy1kv4ru9gd2c3k6ct51x; Type: FK CONSTRAINT; Schema: public; Owner: -
--

ALTER TABLE ONLY public.examinations
    ADD CONSTRAINT fk9hqpyy1kv4ru9gd2c3k6ct51x FOREIGN KEY (exam_paper_id) REFERENCES public.exams(id);


--
-- Name: exams fka9pp7fvh0i6302peis1x76ots; Type: FK CONSTRAINT; Schema: public; Owner: -
--

ALTER TABLE ONLY public.exams
    ADD CONSTRAINT fka9pp7fvh0i6302peis1x76ots FOREIGN KEY (created_by) REFERENCES public.users(id);


--
-- Name: user_granted_permissions fkbxihr13teakym79fskykq8xu0; Type: FK CONSTRAINT; Schema: public; Owner: -
--

ALTER TABLE ONLY public.user_granted_permissions
    ADD CONSTRAINT fkbxihr13teakym79fskykq8xu0 FOREIGN KEY (detail_id) REFERENCES public.permission_detail(id);


--
-- Name: inquiries fkfks94q8sobcuibrudbr3im380; Type: FK CONSTRAINT; Schema: public; Owner: -
--

ALTER TABLE ONLY public.inquiries
    ADD CONSTRAINT fkfks94q8sobcuibrudbr3im380 FOREIGN KEY (user_id) REFERENCES public.users(id);


--
-- Name: question_bank fkhaoqtyh9g25bw51ebf5p71vod; Type: FK CONSTRAINT; Schema: public; Owner: -
--

ALTER TABLE ONLY public.question_bank
    ADD CONSTRAINT fkhaoqtyh9g25bw51ebf5p71vod FOREIGN KEY (category_id) REFERENCES public.domain_slave(id);


--
-- Name: concept_notes fkjnkhmo8x2fnj4g220py9vjy0e; Type: FK CONSTRAINT; Schema: public; Owner: -
--

ALTER TABLE ONLY public.concept_notes
    ADD CONSTRAINT fkjnkhmo8x2fnj4g220py9vjy0e FOREIGN KEY (question_id) REFERENCES public.questions(id);


--
-- Name: concept_notes fknyaqklkhi216tufj3c5wqpvt1; Type: FK CONSTRAINT; Schema: public; Owner: -
--

ALTER TABLE ONLY public.concept_notes
    ADD CONSTRAINT fknyaqklkhi216tufj3c5wqpvt1 FOREIGN KEY (user_id) REFERENCES public.users(id);


--
-- Name: questions fkrk78bmt53fns7np8casqa3q44; Type: FK CONSTRAINT; Schema: public; Owner: -
--

ALTER TABLE ONLY public.questions
    ADD CONSTRAINT fkrk78bmt53fns7np8casqa3q44 FOREIGN KEY (exam_id) REFERENCES public.exams(id);


--
-- PostgreSQL database dump complete
--


